Loan_ID,Customer_ID,Loan_Amount,Interest_Rate,Default_Rate,Loan_Type,Customer_Segment,Issue_Date,Interest_Received
1,1102,7034.84,0.0892,0.1291,Mortgage,Subprime,2022-01-01,627.51
2,1435,6186.51,0.0515,0.186,Small Business,Prime,2022-01-02,318.61
3,1860,21940.85,0.1795,0.0136,Auto,Near Prime,2022-01-03,3938.38
4,1270,41474.9,0.2296,0.1006,Auto,Near Prime,2022-01-04,9522.64
5,1106,49427.43,0.0987,0.1407,Mortgage,Subprime,2022-01-05,4878.49
6,1071,11768.76,0.2354,0.1473,Mortgage,Near Prime,2022-01-06,2770.37
7,1700,31735.88,0.0621,0.1416,Education,Near Prime,2022-01-07,1970.8
8,1020,22140.09,0.2369,0.0355,Mortgage,Subprime,2022-01-08,5244.99
9,1614,48646.15,0.1203,0.0669,Mortgage,Prime,2022-01-09,5852.13
10,1121,42895.35,0.0703,0.0782,Auto,Subprime,2022-01-10,3015.54
11,1466,42724.79,0.1472,0.1628,Education,Prime,2022-01-11,6289.09
12,1214,26091.19,0.1014,0.063,Mortgage,Subprime,2022-01-12,2645.65
13,1330,23666.88,0.107,0.05,Mortgage,Subprime,2022-01-13,2532.36
14,1458,17303.32,0.1115,0.1919,Education,Near Prime,2022-01-14,1929.32
15,1087,7536.9,0.2106,0.0117,Small Business,Subprime,2022-01-15,1587.27
16,1372,43912.51,0.1578,0.1996,Education,Subprime,2022-01-16,6929.39
17,1099,41580.55,0.1123,0.1386,Auto,Prime,2022-01-17,4669.5
18,1871,49987.3,0.1721,0.1674,Small Business,Near Prime,2022-01-18,8602.81
19,1663,49848.66,0.1932,0.066,Personal,Prime,2022-01-19,9630.76
20,1130,29994.43,0.1045,0.0127,Education,Prime,2022-01-20,3134.42
21,1661,39604.43,0.1327,0.1502,Auto,Near Prime,2022-01-21,5255.51
22,1308,47514.46,0.0744,0.1685,Small Business,Near Prime,2022-01-22,3535.08
23,1769,43234.13,0.0862,0.1507,Education,Near Prime,2022-01-23,3726.78
24,1343,16130.66,0.1862,0.0371,Mortgage,Subprime,2022-01-24,3003.53
25,1491,25274.49,0.0863,0.1532,Education,Near Prime,2022-01-25,2181.19
26,1413,10812.17,0.155,0.1561,Personal,Near Prime,2022-01-26,1675.89
27,1805,47932.3,0.1918,0.1351,Education,Near Prime,2022-01-27,9193.42
28,1385,32277.86,0.0714,0.1556,Small Business,Prime,2022-01-28,2304.64
29,1191,15288.93,0.1635,0.1707,Small Business,Prime,2022-01-29,2499.74
30,1955,35226.53,0.1013,0.1266,Education,Subprime,2022-01-30,3568.45
31,1276,32815.77,0.2426,0.0268,Small Business,Prime,2022-01-31,7961.11
32,1160,21117.32,0.1467,0.1026,Mortgage,Subprime,2022-02-01,3097.91
33,1459,10110.09,0.2112,0.0248,Education,Prime,2022-02-02,2135.25
34,1313,35220.79,0.16,0.0874,Mortgage,Near Prime,2022-02-03,5635.33
35,1021,28413.85,0.0587,0.0874,Mortgage,Prime,2022-02-04,1667.89
36,1252,39754.33,0.1766,0.0225,Auto,Subprime,2022-02-05,7020.61
37,1747,28407.36,0.2403,0.0763,Education,Prime,2022-02-06,6826.29
38,1856,43348.17,0.1703,0.0311,Small Business,Near Prime,2022-02-07,7382.19
39,1560,29835.81,0.2138,0.1636,Mortgage,Subprime,2022-02-08,6378.9
40,1474,30242.21,0.2268,0.1901,Auto,Near Prime,2022-02-09,6858.93
41,1058,44449.41,0.0956,0.0237,Education,Near Prime,2022-02-10,4249.36
42,1510,23156.73,0.0924,0.1915,Education,Subprime,2022-02-11,2139.68
43,1681,11030.69,0.1722,0.1093,Personal,Near Prime,2022-02-12,1899.48
44,1475,6295.22,0.1322,0.0669,Personal,Near Prime,2022-02-13,832.23
45,1699,38981.18,0.218,0.0246,Mortgage,Prime,2022-02-14,8497.9
46,1975,32913.93,0.23,0.1051,Personal,Near Prime,2022-02-15,7570.2
47,1782,36683.59,0.1207,0.161,Mortgage,Near Prime,2022-02-16,4427.71
48,1189,14583.39,0.0974,0.1443,Small Business,Near Prime,2022-02-17,1420.42
49,1957,11136.72,0.2061,0.0195,Mortgage,Near Prime,2022-02-18,2295.28
50,1686,5654.51,0.105,0.0239,Personal,Subprime,2022-02-19,593.72
51,1957,20776.44,0.2145,0.0865,Small Business,Prime,2022-02-20,4456.55
52,1562,31546.3,0.1347,0.0661,Personal,Near Prime,2022-02-21,4249.29
53,1875,22650.98,0.1835,0.0542,Mortgage,Near Prime,2022-02-22,4156.45
54,1566,24686.37,0.0691,0.0634,Auto,Subprime,2022-02-23,1705.83
55,1243,45687.14,0.1748,0.1627,Education,Near Prime,2022-02-24,7986.11
56,1831,20671.5,0.1404,0.1866,Personal,Subprime,2022-02-25,2902.28
57,1504,28129.53,0.1673,0.087,Mortgage,Prime,2022-02-26,4706.07
58,1130,40264.39,0.0836,0.1822,Small Business,Prime,2022-02-27,3366.1
59,1484,22844.43,0.1974,0.0711,Personal,Near Prime,2022-02-28,4509.49
60,1818,32993.9,0.2226,0.1005,Personal,Near Prime,2022-03-01,7344.44
61,1646,43806.37,0.0933,0.0529,Education,Near Prime,2022-03-02,4087.13
62,1020,47728.43,0.0691,0.1317,Mortgage,Subprime,2022-03-03,3298.03
63,1840,11618.31,0.0547,0.196,Auto,Near Prime,2022-03-04,635.52
64,1166,46696.44,0.1784,0.1247,Small Business,Near Prime,2022-03-05,8330.64
65,1273,27145.23,0.1714,0.078,Mortgage,Prime,2022-03-06,4652.69
66,1387,16621.0,0.1593,0.1331,Small Business,Near Prime,2022-03-07,2647.73
67,1600,25661.11,0.0964,0.0334,Personal,Prime,2022-03-08,2473.73
68,1315,49101.47,0.1282,0.1788,Education,Near Prime,2022-03-09,6294.81
69,1013,27167.81,0.1689,0.1056,Education,Prime,2022-03-10,4588.64
70,1241,19793.82,0.1494,0.0954,Auto,Near Prime,2022-03-11,2957.2
71,1776,33503.04,0.2476,0.1213,Education,Prime,2022-03-12,8295.35
72,1345,15806.55,0.0773,0.1287,Personal,Subprime,2022-03-13,1221.85
73,1564,8413.85,0.189,0.0236,Auto,Prime,2022-03-14,1590.22
74,1897,10799.59,0.1309,0.1397,Mortgage,Prime,2022-03-15,1413.67
75,1339,10762.06,0.1356,0.056,Education,Prime,2022-03-16,1459.34
76,1091,11835.62,0.1935,0.1457,Auto,Near Prime,2022-03-17,2290.19
77,1366,11247.22,0.1885,0.1663,Personal,Near Prime,2022-03-18,2120.1
78,1955,33839.36,0.2483,0.1628,Small Business,Near Prime,2022-03-19,8402.31
79,1454,13184.6,0.0757,0.115,Small Business,Subprime,2022-03-20,998.07
80,1427,20555.03,0.0708,0.1088,Personal,Subprime,2022-03-21,1455.3
81,1508,45355.48,0.1949,0.0371,Personal,Prime,2022-03-22,8839.78
82,1775,26328.27,0.1657,0.1573,Small Business,Subprime,2022-03-23,4362.59
83,1942,35040.1,0.1048,0.0616,Auto,Prime,2022-03-24,3672.2
84,1034,12754.39,0.0659,0.1044,Small Business,Prime,2022-03-25,840.51
85,1205,13653.01,0.0671,0.064,Personal,Prime,2022-03-26,916.12
86,1080,6839.09,0.2288,0.0354,Education,Subprime,2022-03-27,1564.78
87,1931,12602.08,0.0884,0.1296,Mortgage,Near Prime,2022-03-28,1114.02
88,1561,17536.57,0.1147,0.0203,Education,Subprime,2022-03-29,2011.44
89,1871,12965.47,0.0953,0.1522,Education,Prime,2022-03-30,1235.61
90,1387,8991.61,0.121,0.0703,Personal,Prime,2022-03-31,1087.98
91,1001,10428.61,0.0639,0.01,Small Business,Subprime,2022-04-01,666.39
92,1389,25735.04,0.1538,0.1071,Auto,Prime,2022-04-02,3958.05
93,1565,14285.02,0.0635,0.0189,Education,Prime,2022-04-03,907.1
94,1105,21392.14,0.2101,0.0625,Small Business,Subprime,2022-04-04,4494.49
95,1771,27653.78,0.0967,0.1443,Auto,Subprime,2022-04-05,2674.12
96,1821,36067.77,0.158,0.0219,Education,Subprime,2022-04-06,5698.71
97,1476,6769.05,0.226,0.1695,Auto,Prime,2022-04-07,1529.81
98,1702,40973.47,0.1802,0.0107,Small Business,Prime,2022-04-08,7383.42
99,1401,33255.52,0.1566,0.0569,Mortgage,Near Prime,2022-04-09,5207.81
100,1729,8679.16,0.1149,0.1508,Small Business,Near Prime,2022-04-10,997.24
101,1555,44311.04,0.1166,0.0701,Personal,Subprime,2022-04-11,5166.67
102,1161,46439.26,0.1839,0.0294,Auto,Near Prime,2022-04-12,8540.18
103,1201,7748.51,0.2488,0.0784,Mortgage,Prime,2022-04-13,1927.83
104,1957,17459.49,0.1824,0.0614,Auto,Near Prime,2022-04-14,3184.61
105,1995,41279.06,0.1616,0.1701,Auto,Prime,2022-04-15,6670.7
106,1269,38671.69,0.1961,0.0695,Education,Subprime,2022-04-16,7583.52
107,1862,13303.45,0.143,0.1599,Personal,Subprime,2022-04-17,1902.39
108,1815,14420.72,0.062,0.1795,Auto,Prime,2022-04-18,894.08
109,1270,21671.24,0.1625,0.0924,Small Business,Near Prime,2022-04-19,3521.58
110,1455,26803.53,0.2415,0.1829,Small Business,Subprime,2022-04-20,6473.05
111,1461,32821.46,0.0851,0.0817,Education,Subprime,2022-04-21,2793.11
112,1726,21601.11,0.188,0.1932,Personal,Near Prime,2022-04-22,4061.01
113,1251,25814.06,0.0902,0.027,Personal,Near Prime,2022-04-23,2328.43
114,1701,38636.19,0.1572,0.1405,Small Business,Prime,2022-04-24,6073.61
115,1295,6650.74,0.0693,0.1038,Mortgage,Near Prime,2022-04-25,460.9
116,1724,16359.66,0.1401,0.0837,Education,Near Prime,2022-04-26,2291.99
117,1719,37100.73,0.2012,0.1302,Education,Near Prime,2022-04-27,7464.67
118,1748,45284.31,0.1195,0.1437,Small Business,Prime,2022-04-28,5411.48
119,1337,28025.48,0.183,0.0108,Small Business,Prime,2022-04-29,5128.66
120,1878,28945.11,0.2091,0.0417,Mortgage,Subprime,2022-04-30,6052.42
121,1052,9822.74,0.2354,0.1455,Mortgage,Prime,2022-05-01,2312.27
122,1791,25133.56,0.0969,0.1366,Personal,Subprime,2022-05-02,2435.44
123,1921,28967.78,0.1299,0.1935,Education,Near Prime,2022-05-03,3762.91
124,1216,15911.17,0.0805,0.1546,Education,Subprime,2022-05-04,1280.85
125,1763,17115.95,0.2485,0.1906,Small Business,Subprime,2022-05-05,4253.31
126,1187,21977.79,0.2354,0.1435,Personal,Near Prime,2022-05-06,5173.57
127,1379,5903.2,0.158,0.0666,Education,Subprime,2022-05-07,932.71
128,1492,19493.56,0.2184,0.03,Personal,Prime,2022-05-08,4257.39
129,1040,14515.16,0.1542,0.1585,Personal,Prime,2022-05-09,2238.24
130,1156,19737.38,0.1747,0.1324,Small Business,Prime,2022-05-10,3448.12
131,1014,10389.3,0.0678,0.0192,Personal,Prime,2022-05-11,704.39
132,1812,45073.73,0.2011,0.0784,Mortgage,Subprime,2022-05-12,9064.33
133,1064,31711.66,0.0755,0.1918,Mortgage,Subprime,2022-05-13,2394.23
134,1856,35559.6,0.2152,0.1051,Auto,Near Prime,2022-05-14,7652.43
135,1838,40512.71,0.2064,0.0922,Small Business,Subprime,2022-05-15,8361.82
136,1520,27429.9,0.1917,0.097,Auto,Subprime,2022-05-16,5258.31
137,1343,8911.41,0.0572,0.0497,Mortgage,Subprime,2022-05-17,509.73
138,1128,29169.79,0.1106,0.0801,Auto,Near Prime,2022-05-18,3226.18
139,1647,31407.85,0.1026,0.0803,Small Business,Prime,2022-05-19,3222.45
140,1471,38544.78,0.122,0.0199,Small Business,Subprime,2022-05-20,4702.46
141,1062,24424.68,0.0675,0.1558,Personal,Near Prime,2022-05-21,1648.67
142,1138,10741.11,0.2374,0.0891,Education,Near Prime,2022-05-22,2549.94
143,1498,17769.92,0.1608,0.1662,Personal,Near Prime,2022-05-23,2857.4
144,1592,21338.7,0.1111,0.1716,Small Business,Prime,2022-05-24,2370.73
145,1391,34066.28,0.1294,0.0503,Mortgage,Subprime,2022-05-25,4408.18
146,1674,30685.02,0.1394,0.1349,Mortgage,Near Prime,2022-05-26,4277.49
147,1418,21024.35,0.1701,0.0997,Personal,Prime,2022-05-27,3576.24
148,1288,49393.19,0.1531,0.1772,Small Business,Near Prime,2022-05-28,7562.1
149,1378,32259.87,0.2339,0.051,Mortgage,Near Prime,2022-05-29,7545.58
150,1772,15675.21,0.1494,0.1388,Small Business,Near Prime,2022-05-30,2341.88
151,1489,9580.21,0.2484,0.1255,Mortgage,Near Prime,2022-05-31,2379.72
152,1230,11878.66,0.2203,0.0661,Small Business,Near Prime,2022-06-01,2616.87
153,1040,16068.1,0.0917,0.036,Auto,Prime,2022-06-02,1473.44
154,1027,12230.66,0.2361,0.1338,Small Business,Subprime,2022-06-03,2887.66
155,1134,13395.52,0.0733,0.1503,Small Business,Subprime,2022-06-04,981.89
156,1200,17829.28,0.2135,0.07,Personal,Subprime,2022-06-05,3806.55
157,1839,12801.81,0.1261,0.1325,Auto,Subprime,2022-06-06,1614.31
158,1779,45354.44,0.2256,0.0851,Education,Prime,2022-06-07,10231.96
159,1929,8610.52,0.2236,0.1455,Personal,Prime,2022-06-08,1925.31
160,1032,28603.01,0.2112,0.0479,Education,Prime,2022-06-09,6040.96
161,1047,23467.86,0.208,0.1791,Mortgage,Near Prime,2022-06-10,4881.31
162,1502,49207.04,0.1109,0.0646,Education,Near Prime,2022-06-11,5457.06
163,1406,10041.75,0.0662,0.0799,Small Business,Near Prime,2022-06-12,664.76
164,1573,22903.5,0.1306,0.021,Education,Subprime,2022-06-13,2991.2
165,1727,48626.17,0.0847,0.0312,Personal,Near Prime,2022-06-14,4118.64
166,1804,43947.82,0.189,0.108,Personal,Subprime,2022-06-15,8306.14
167,1098,41768.24,0.1192,0.0608,Education,Near Prime,2022-06-16,4978.77
168,1683,16605.63,0.2451,0.1687,Personal,Subprime,2022-06-17,4070.04
169,1871,12689.94,0.1782,0.0128,Personal,Near Prime,2022-06-18,2261.35
170,1725,35088.94,0.2145,0.082,Education,Near Prime,2022-06-19,7526.58
171,1986,46821.92,0.0765,0.0741,Auto,Prime,2022-06-20,3581.88
172,1546,30054.33,0.2224,0.0137,Auto,Near Prime,2022-06-21,6684.08
173,1960,30722.57,0.2346,0.0336,Mortgage,Near Prime,2022-06-22,7207.51
174,1738,17599.06,0.1474,0.0886,Personal,Prime,2022-06-23,2594.1
175,1612,39627.18,0.1713,0.1036,Education,Subprime,2022-06-24,6788.14
176,1942,13416.97,0.203,0.0868,Personal,Prime,2022-06-25,2723.64
177,1461,19565.57,0.085,0.1109,Small Business,Prime,2022-06-26,1663.07
178,1642,24144.64,0.1505,0.1231,Personal,Subprime,2022-06-27,3633.77
179,1768,27842.47,0.1297,0.0119,Personal,Near Prime,2022-06-28,3611.17
180,1004,15908.44,0.0793,0.0982,Auto,Subprime,2022-06-29,1261.54
181,1217,10167.66,0.1235,0.1931,Education,Near Prime,2022-06-30,1255.71
182,1502,32477.9,0.0636,0.1086,Personal,Near Prime,2022-07-01,2065.59
183,1766,17988.37,0.0552,0.1387,Auto,Subprime,2022-07-02,992.96
184,1397,31155.72,0.077,0.0693,Mortgage,Prime,2022-07-03,2398.99
185,1870,11946.32,0.2426,0.1571,Auto,Subprime,2022-07-04,2898.18
186,1794,26651.3,0.1599,0.1569,Auto,Near Prime,2022-07-05,4261.54
187,1392,28966.52,0.2432,0.109,Auto,Subprime,2022-07-06,7044.66
188,1206,7332.06,0.1365,0.1954,Personal,Subprime,2022-07-07,1000.83
189,1014,20147.19,0.1124,0.0339,Personal,Near Prime,2022-07-08,2264.54
190,1857,11048.66,0.1512,0.0132,Mortgage,Prime,2022-07-09,1670.56
191,1553,7851.87,0.1379,0.1563,Small Business,Subprime,2022-07-10,1082.77
192,1891,49548.21,0.0711,0.1634,Small Business,Near Prime,2022-07-11,3522.88
193,1460,19505.92,0.1782,0.0328,Small Business,Near Prime,2022-07-12,3475.95
194,1690,41444.35,0.0932,0.0605,Mortgage,Subprime,2022-07-13,3862.61
195,1574,16458.83,0.1739,0.0133,Small Business,Prime,2022-07-14,2862.19
196,1863,35667.62,0.18,0.0657,Small Business,Subprime,2022-07-15,6420.17
197,1742,39210.25,0.0804,0.1569,Auto,Prime,2022-07-16,3152.5
198,1240,31803.74,0.0623,0.1084,Personal,Prime,2022-07-17,1981.37
199,1563,26220.93,0.2062,0.0761,Personal,Prime,2022-07-18,5406.76
200,1095,23532.84,0.142,0.0806,Auto,Prime,2022-07-19,3341.66
201,1899,20699.07,0.0616,0.0103,Auto,Subprime,2022-07-20,1275.06
202,1733,46828.81,0.249,0.067,Auto,Near Prime,2022-07-21,11660.37
203,1484,42377.87,0.0616,0.1328,Personal,Near Prime,2022-07-22,2610.48
204,1406,48426.21,0.189,0.1951,Small Business,Near Prime,2022-07-23,9152.55
205,1230,10593.38,0.2467,0.1709,Auto,Near Prime,2022-07-24,2613.39
206,1748,37889.04,0.0978,0.0145,Mortgage,Near Prime,2022-07-25,3705.55
207,1654,47225.32,0.0784,0.1807,Auto,Near Prime,2022-07-26,3702.47
208,1170,13155.49,0.0743,0.1588,Education,Subprime,2022-07-27,977.45
209,1540,7992.33,0.1107,0.1583,Auto,Prime,2022-07-28,884.75
210,1035,38350.43,0.0702,0.097,Personal,Near Prime,2022-07-29,2692.2
211,1524,30851.29,0.1884,0.0856,Auto,Subprime,2022-07-30,5812.38
212,1159,42882.29,0.0625,0.0676,Education,Near Prime,2022-07-31,2680.14
213,1838,11289.76,0.1519,0.0225,Mortgage,Near Prime,2022-08-01,1714.91
214,1698,40787.03,0.2493,0.0534,Small Business,Prime,2022-08-02,10168.21
215,1242,14073.23,0.2128,0.0569,Auto,Prime,2022-08-03,2994.78
216,1085,12364.52,0.173,0.102,Education,Prime,2022-08-04,2139.06
217,1795,12391.96,0.1113,0.152,Education,Near Prime,2022-08-05,1379.23
218,1577,41655.86,0.1748,0.1,Mortgage,Near Prime,2022-08-06,7281.44
219,1681,34933.87,0.1554,0.021,Personal,Near Prime,2022-08-07,5428.72
220,1556,28537.94,0.1352,0.192,Auto,Prime,2022-08-08,3858.33
221,1573,21147.37,0.0761,0.1891,Education,Subprime,2022-08-09,1609.31
222,1952,44474.02,0.2273,0.1592,Mortgage,Near Prime,2022-08-10,10108.94
223,1645,22660.03,0.14,0.1984,Small Business,Near Prime,2022-08-11,3172.4
224,1795,41746.97,0.0889,0.1135,Education,Near Prime,2022-08-12,3711.31
225,1027,24761.07,0.1236,0.1929,Mortgage,Subprime,2022-08-13,3060.47
226,1619,21962.5,0.1328,0.0244,Personal,Near Prime,2022-08-14,2916.62
227,1555,25820.59,0.2155,0.0795,Personal,Subprime,2022-08-15,5564.34
228,1339,18562.0,0.1967,0.0528,Education,Near Prime,2022-08-16,3651.15
229,1797,38642.42,0.2039,0.0472,Education,Subprime,2022-08-17,7879.19
230,1957,27622.42,0.0522,0.0368,Auto,Near Prime,2022-08-18,1441.89
231,1330,15449.57,0.1332,0.1283,Mortgage,Prime,2022-08-19,2057.88
232,1639,45480.86,0.1463,0.1585,Education,Prime,2022-08-20,6653.85
233,1505,22275.1,0.0538,0.1199,Auto,Prime,2022-08-21,1198.4
234,1347,29459.88,0.102,0.0379,Auto,Prime,2022-08-22,3004.91
235,1472,45791.24,0.2021,0.1641,Education,Near Prime,2022-08-23,9254.41
236,1230,33090.71,0.0774,0.1308,Personal,Prime,2022-08-24,2561.22
237,1189,10260.41,0.1571,0.0838,Mortgage,Subprime,2022-08-25,1611.91
238,1224,47292.45,0.093,0.1381,Mortgage,Prime,2022-08-26,4398.2
239,1384,33246.86,0.0524,0.0594,Personal,Prime,2022-08-27,1742.14
240,1376,20070.75,0.0982,0.0756,Education,Prime,2022-08-28,1970.95
241,1282,11267.24,0.2452,0.1843,Mortgage,Near Prime,2022-08-29,2762.73
242,1957,40731.13,0.2103,0.0652,Education,Prime,2022-08-30,8565.76
243,1632,32903.27,0.2419,0.0993,Education,Subprime,2022-08-31,7959.3
244,1627,29005.75,0.1476,0.1791,Auto,Prime,2022-09-01,4281.25
245,1972,45225.17,0.0719,0.1445,Personal,Prime,2022-09-02,3251.69
246,1744,40486.87,0.1596,0.0218,Education,Prime,2022-09-03,6461.7
247,1258,11825.37,0.1409,0.038,Small Business,Subprime,2022-09-04,1666.19
248,1358,19027.49,0.2189,0.0115,Personal,Prime,2022-09-05,4165.12
249,1709,16182.01,0.0696,0.1299,Mortgage,Subprime,2022-09-06,1126.27
250,1455,38477.58,0.1476,0.0951,Auto,Subprime,2022-09-07,5679.29
251,1410,6508.96,0.08,0.0355,Mortgage,Prime,2022-09-08,520.72
252,1648,30645.04,0.1149,0.192,Mortgage,Subprime,2022-09-09,3521.12
253,1317,39310.64,0.1975,0.1106,Personal,Near Prime,2022-09-10,7763.85
254,1676,44454.45,0.1452,0.056,Mortgage,Prime,2022-09-11,6454.79
255,1224,20393.68,0.1252,0.1051,Education,Prime,2022-09-12,2553.29
256,1818,41956.58,0.1289,0.1391,Mortgage,Subprime,2022-09-13,5408.2
257,1233,9978.43,0.1419,0.0245,Auto,Subprime,2022-09-14,1415.94
258,1683,43090.35,0.207,0.0622,Auto,Prime,2022-09-15,8919.7
259,1663,10736.99,0.2284,0.1633,Small Business,Near Prime,2022-09-16,2452.33
260,1974,22877.93,0.2411,0.0973,Auto,Subprime,2022-09-17,5515.87
261,1826,40878.29,0.2074,0.1138,Mortgage,Subprime,2022-09-18,8478.16
262,1373,11746.28,0.1131,0.0922,Auto,Near Prime,2022-09-19,1328.5
263,1671,15316.31,0.1876,0.0183,Personal,Near Prime,2022-09-20,2873.34
264,1607,37501.37,0.1375,0.0415,Auto,Prime,2022-09-21,5156.44
265,1471,37401.64,0.1009,0.0947,Education,Near Prime,2022-09-22,3773.83
266,1232,33851.64,0.2182,0.0497,Personal,Prime,2022-09-23,7386.43
267,1691,36227.68,0.0577,0.0195,Small Business,Near Prime,2022-09-24,2090.34
268,1112,29422.6,0.2304,0.1703,Education,Subprime,2022-09-25,6778.97
269,1829,16330.96,0.1423,0.1964,Mortgage,Prime,2022-09-26,2323.9
270,1496,20556.32,0.1774,0.1607,Mortgage,Prime,2022-09-27,3646.69
271,1441,13171.9,0.1819,0.1722,Mortgage,Prime,2022-09-28,2395.97
272,1563,45880.28,0.229,0.056,Education,Near Prime,2022-09-29,10506.58
273,1267,31252.63,0.1773,0.1925,Education,Subprime,2022-09-30,5541.09
274,1509,23038.31,0.1728,0.0474,Education,Prime,2022-10-01,3981.02
275,1806,25790.26,0.0633,0.1908,Personal,Prime,2022-10-02,1632.52
276,1385,47627.75,0.1537,0.199,Personal,Prime,2022-10-03,7320.39
277,1386,11900.81,0.08,0.1452,Mortgage,Prime,2022-10-04,952.06
278,1112,31380.34,0.1975,0.1964,Auto,Subprime,2022-10-05,6197.62
279,1612,27764.99,0.1524,0.1182,Mortgage,Near Prime,2022-10-06,4231.38
280,1624,32515.44,0.186,0.0593,Small Business,Subprime,2022-10-07,6047.87
281,1951,5814.96,0.0583,0.093,Personal,Prime,2022-10-08,339.01
282,1080,44245.58,0.067,0.1228,Education,Subprime,2022-10-09,2964.45
283,1698,46945.32,0.1933,0.0239,Personal,Prime,2022-10-10,9074.53
284,1112,30430.99,0.0644,0.1282,Education,Near Prime,2022-10-11,1959.76
285,1001,36349.29,0.0643,0.1964,Small Business,Near Prime,2022-10-12,2337.26
286,1641,46512.47,0.0524,0.0461,Small Business,Near Prime,2022-10-13,2437.25
287,1219,36825.74,0.2413,0.1606,Personal,Prime,2022-10-14,8886.05
288,1565,11864.26,0.1975,0.1825,Education,Subprime,2022-10-15,2343.19
289,1854,30932.98,0.1207,0.1893,Small Business,Near Prime,2022-10-16,3733.61
290,1996,32302.18,0.1093,0.1924,Mortgage,Prime,2022-10-17,3530.63
291,1735,24085.88,0.1199,0.1091,Mortgage,Prime,2022-10-18,2887.9
292,1224,38139.99,0.2049,0.1957,Education,Subprime,2022-10-19,7814.88
293,1384,47046.52,0.1823,0.1539,Personal,Near Prime,2022-10-20,8576.58
294,1402,46650.58,0.087,0.0407,Small Business,Prime,2022-10-21,4058.6
295,1637,25287.77,0.0848,0.1006,Personal,Subprime,2022-10-22,2144.4
296,1129,10095.71,0.0697,0.1465,Mortgage,Near Prime,2022-10-23,703.67
297,1052,49317.85,0.1821,0.057,Small Business,Subprime,2022-10-24,8980.78
298,1683,42750.41,0.2029,0.1317,Personal,Subprime,2022-10-25,8674.06
299,1729,10609.82,0.103,0.1367,Auto,Prime,2022-10-26,1092.81
300,1671,46437.88,0.0542,0.0409,Education,Prime,2022-10-27,2516.93
301,1709,44145.34,0.0664,0.1174,Education,Prime,2022-10-28,2931.25
302,1415,28347.71,0.2436,0.1566,Auto,Subprime,2022-10-29,6905.5
303,1246,31607.39,0.1091,0.1048,Mortgage,Prime,2022-10-30,3448.37
304,1835,22955.12,0.2038,0.0123,Small Business,Subprime,2022-10-31,4678.25
305,1438,7464.27,0.1749,0.0117,Education,Subprime,2022-11-01,1305.5
306,1202,20083.88,0.1264,0.0778,Auto,Prime,2022-11-02,2538.6
307,1183,41128.41,0.0911,0.186,Auto,Near Prime,2022-11-03,3746.8
308,1122,5208.44,0.0743,0.0534,Mortgage,Near Prime,2022-11-04,386.99
309,1400,20007.46,0.173,0.1305,Mortgage,Near Prime,2022-11-05,3461.29
310,1766,22917.59,0.2049,0.0522,Personal,Subprime,2022-11-06,4695.81
311,1293,29182.8,0.1788,0.0711,Education,Subprime,2022-11-07,5217.88
312,1279,46393.5,0.1561,0.1711,Personal,Subprime,2022-11-08,7242.03
313,1836,20585.57,0.0584,0.1485,Auto,Prime,2022-11-09,1202.2
314,1883,20612.89,0.2437,0.0281,Small Business,Subprime,2022-11-10,5023.36
315,1609,38187.56,0.2097,0.0915,Small Business,Prime,2022-11-11,8007.93
316,1197,25349.81,0.1086,0.0155,Mortgage,Prime,2022-11-12,2752.99
317,1981,15107.22,0.246,0.1014,Small Business,Near Prime,2022-11-13,3716.38
318,1906,25359.78,0.1704,0.1359,Small Business,Near Prime,2022-11-14,4321.31
319,1510,11338.57,0.1665,0.0325,Small Business,Near Prime,2022-11-15,1887.87
320,1751,12937.41,0.1996,0.0649,Auto,Prime,2022-11-16,2582.31
321,1143,27426.55,0.2124,0.0856,Small Business,Prime,2022-11-17,5825.4
322,1608,23851.65,0.1813,0.1847,Small Business,Prime,2022-11-18,4324.3
323,1200,46168.07,0.0756,0.1987,Small Business,Subprime,2022-11-19,3490.31
324,1123,21307.73,0.1177,0.0185,Personal,Prime,2022-11-20,2507.92
325,1186,31126.48,0.2356,0.1546,Auto,Near Prime,2022-11-21,7333.4
326,1325,33451.89,0.0949,0.0806,Mortgage,Near Prime,2022-11-22,3174.58
327,1463,5589.25,0.1244,0.0846,Personal,Prime,2022-11-23,695.3
328,1348,34859.18,0.1364,0.1533,Education,Prime,2022-11-24,4754.79
329,1770,13011.62,0.1379,0.1845,Auto,Near Prime,2022-11-25,1794.3
330,1659,48248.16,0.1726,0.1907,Auto,Prime,2022-11-26,8327.63
331,1763,11689.82,0.2386,0.1197,Education,Near Prime,2022-11-27,2789.19
332,1954,23658.09,0.0981,0.0779,Education,Subprime,2022-11-28,2320.86
333,1931,8840.74,0.0743,0.1596,Education,Near Prime,2022-11-29,656.87
334,1402,49859.34,0.0895,0.0577,Mortgage,Subprime,2022-11-30,4462.41
335,1345,27598.78,0.2274,0.1172,Small Business,Prime,2022-12-01,6275.96
336,1962,31792.33,0.1792,0.0781,Auto,Prime,2022-12-02,5697.19
337,1510,8018.44,0.1072,0.1348,Small Business,Subprime,2022-12-03,859.58
338,1146,38748.22,0.2132,0.0557,Small Business,Prime,2022-12-04,8261.12
339,1147,14445.75,0.2223,0.0464,Education,Subprime,2022-12-05,3211.29
340,1863,45412.44,0.2193,0.1845,Mortgage,Prime,2022-12-06,9958.95
341,1710,14231.28,0.2338,0.0293,Personal,Near Prime,2022-12-07,3327.27
342,1819,13580.95,0.1004,0.1061,Mortgage,Prime,2022-12-08,1363.53
343,1488,6644.74,0.201,0.052,Small Business,Near Prime,2022-12-09,1335.59
344,1928,26243.01,0.1421,0.0174,Mortgage,Near Prime,2022-12-10,3729.13
345,1935,30417.85,0.2184,0.0168,Education,Subprime,2022-12-11,6643.26
346,1639,7956.89,0.1957,0.0433,Personal,Prime,2022-12-12,1557.16
347,1550,39898.74,0.2053,0.1747,Education,Subprime,2022-12-13,8191.21
348,1337,25398.0,0.1812,0.0637,Personal,Prime,2022-12-14,4602.12
349,1871,28597.56,0.0855,0.1906,Small Business,Near Prime,2022-12-15,2445.09
350,1640,24834.32,0.159,0.1205,Personal,Near Prime,2022-12-16,3948.66
351,1778,23034.34,0.2469,0.093,Personal,Prime,2022-12-17,5687.18
352,1987,30183.81,0.2375,0.1202,Personal,Prime,2022-12-18,7168.65
353,1952,11985.81,0.0586,0.1082,Mortgage,Subprime,2022-12-19,702.37
354,1472,13186.77,0.083,0.1542,Mortgage,Prime,2022-12-20,1094.5
355,1945,43780.35,0.0763,0.0637,Small Business,Prime,2022-12-21,3340.44
356,1150,47575.2,0.1952,0.0771,Personal,Prime,2022-12-22,9286.68
357,1414,21798.92,0.2136,0.1799,Auto,Subprime,2022-12-23,4656.25
358,1989,17183.51,0.0927,0.1898,Small Business,Prime,2022-12-24,1592.91
359,1297,33979.98,0.1512,0.1796,Personal,Near Prime,2022-12-25,5137.77
360,1610,23393.04,0.2181,0.0897,Personal,Subprime,2022-12-26,5102.02
361,1262,6142.39,0.1966,0.1583,Mortgage,Subprime,2022-12-27,1207.59
362,1763,12026.87,0.1584,0.1005,Small Business,Near Prime,2022-12-28,1905.06
363,1143,37218.75,0.1681,0.1045,Personal,Near Prime,2022-12-29,6256.47
364,1345,34651.58,0.1517,0.0489,Personal,Near Prime,2022-12-30,5256.64
365,1623,6219.32,0.1095,0.1223,Small Business,Prime,2022-12-31,681.02
366,1571,14988.75,0.163,0.0454,Auto,Near Prime,2023-01-01,2443.17
367,1880,15398.37,0.1878,0.073,Small Business,Prime,2023-01-02,2891.81
368,1001,35235.17,0.2247,0.1725,Small Business,Subprime,2023-01-03,7917.34
369,1896,5886.97,0.1773,0.0493,Auto,Subprime,2023-01-04,1043.76
370,1303,9684.89,0.2022,0.0235,Small Business,Near Prime,2023-01-05,1958.28
371,1253,40996.22,0.082,0.0231,Personal,Prime,2023-01-06,3361.69
372,1651,13034.51,0.1423,0.1887,Small Business,Near Prime,2023-01-07,1854.81
373,1452,34373.57,0.0519,0.1063,Auto,Near Prime,2023-01-08,1783.99
374,1036,15718.23,0.0993,0.0878,Education,Prime,2023-01-09,1560.82
375,1159,9474.86,0.1953,0.1641,Small Business,Near Prime,2023-01-10,1850.44
376,1008,15942.75,0.2484,0.1688,Mortgage,Subprime,2023-01-11,3960.18
377,1232,37502.01,0.0698,0.0731,Personal,Near Prime,2023-01-12,2617.64
378,1098,43506.34,0.1303,0.1418,Personal,Prime,2023-01-13,5668.88
379,1658,42359.89,0.21,0.1565,Mortgage,Prime,2023-01-14,8895.58
380,1815,22873.26,0.0908,0.1344,Mortgage,Subprime,2023-01-15,2076.89
381,1207,35063.83,0.161,0.0388,Small Business,Prime,2023-01-16,5645.28
382,1130,14224.29,0.1966,0.1764,Mortgage,Prime,2023-01-17,2796.5
383,1403,18191.65,0.1732,0.1124,Education,Subprime,2023-01-18,3150.79
384,1151,45335.11,0.0876,0.0637,Auto,Near Prime,2023-01-19,3971.36
385,1053,5585.09,0.1211,0.0908,Mortgage,Subprime,2023-01-20,676.35
386,1119,8847.88,0.2068,0.0171,Mortgage,Near Prime,2023-01-21,1829.74
387,1672,14354.88,0.1608,0.0343,Education,Subprime,2023-01-22,2308.26
388,1919,6193.95,0.051,0.1555,Personal,Near Prime,2023-01-23,315.89
389,1627,13164.59,0.2022,0.01,Personal,Subprime,2023-01-24,2661.88
390,1586,31236.87,0.0571,0.0891,Small Business,Near Prime,2023-01-25,1783.63
391,1624,23964.1,0.1991,0.1093,Education,Subprime,2023-01-26,4771.25
392,1967,45170.23,0.0905,0.0204,Auto,Near Prime,2023-01-27,4087.91
393,1419,41784.96,0.2416,0.1949,Auto,Subprime,2023-01-28,10095.25
394,1421,20381.78,0.1236,0.053,Education,Prime,2023-01-29,2519.19
395,1103,16674.05,0.1154,0.0678,Auto,Near Prime,2023-01-30,1924.19
396,1851,22086.16,0.0798,0.0677,Personal,Subprime,2023-01-31,1762.48
397,1253,31563.27,0.1111,0.0538,Auto,Near Prime,2023-02-01,3506.68
398,1226,17062.86,0.2253,0.0103,Auto,Near Prime,2023-02-02,3844.26
399,1111,33086.7,0.2493,0.1486,Education,Subprime,2023-02-03,8248.51
400,1509,23423.52,0.1237,0.1937,Education,Near Prime,2023-02-04,2897.49
401,1472,29842.12,0.1397,0.0526,Auto,Subprime,2023-02-05,4168.94
402,1098,24625.69,0.1944,0.136,Mortgage,Prime,2023-02-06,4787.23
403,1152,18250.96,0.2272,0.151,Education,Near Prime,2023-02-07,4146.62
404,1860,47680.4,0.1686,0.1712,Small Business,Prime,2023-02-08,8038.92
405,1913,39362.26,0.1283,0.0903,Small Business,Near Prime,2023-02-09,5050.18
406,1895,11305.09,0.1325,0.0676,Personal,Near Prime,2023-02-10,1497.92
407,1877,44081.06,0.1891,0.0718,Auto,Near Prime,2023-02-11,8335.73
408,1337,26934.4,0.0506,0.1454,Mortgage,Subprime,2023-02-12,1362.88
409,1705,45254.85,0.1739,0.1652,Personal,Prime,2023-02-13,7869.82
410,1821,40993.49,0.1211,0.0445,Auto,Near Prime,2023-02-14,4964.31
411,1162,24134.61,0.2088,0.0805,Education,Subprime,2023-02-15,5039.31
412,1719,6011.12,0.0686,0.1814,Small Business,Near Prime,2023-02-16,412.36
413,1956,17090.48,0.1676,0.1633,Mortgage,Subprime,2023-02-17,2864.36
414,1680,29373.54,0.1462,0.1971,Small Business,Near Prime,2023-02-18,4294.41
415,1995,33506.52,0.1785,0.1533,Education,Prime,2023-02-19,5980.91
416,1160,16604.95,0.063,0.0847,Auto,Prime,2023-02-20,1046.11
417,1579,11271.02,0.166,0.1222,Education,Near Prime,2023-02-21,1870.99
418,1800,42571.86,0.1623,0.1356,Education,Subprime,2023-02-22,6909.41
419,1397,49298.1,0.1621,0.0249,Small Business,Near Prime,2023-02-23,7991.22
420,1276,28656.06,0.1707,0.1135,Mortgage,Subprime,2023-02-24,4891.59
421,1815,12725.57,0.1853,0.1448,Education,Near Prime,2023-02-25,2358.05
422,1915,17253.83,0.211,0.0418,Small Business,Subprime,2023-02-26,3640.56
423,1503,5827.58,0.104,0.1583,Mortgage,Prime,2023-02-27,606.07
424,1895,46143.45,0.215,0.1209,Auto,Near Prime,2023-02-28,9920.84
425,1391,10298.8,0.1497,0.1909,Auto,Prime,2023-03-01,1541.73
426,1134,30943.24,0.0654,0.0181,Personal,Prime,2023-03-02,2023.69
427,1194,17332.48,0.0617,0.0604,Small Business,Near Prime,2023-03-03,1069.41
428,1400,29938.01,0.1168,0.1243,Mortgage,Near Prime,2023-03-04,3496.76
429,1639,34313.92,0.207,0.0663,Education,Subprime,2023-03-05,7102.98
430,1032,42338.38,0.1915,0.1457,Auto,Subprime,2023-03-06,8107.8
431,1687,14288.96,0.2077,0.1542,Mortgage,Prime,2023-03-07,2967.82
432,1459,5494.81,0.1535,0.0295,Small Business,Subprime,2023-03-08,843.45
433,1954,11159.85,0.138,0.1076,Personal,Subprime,2023-03-09,1540.06
434,1882,45500.84,0.0795,0.1067,Auto,Near Prime,2023-03-10,3617.32
435,1469,44325.05,0.1156,0.0802,Mortgage,Subprime,2023-03-11,5123.98
436,1374,31883.59,0.1368,0.1873,Mortgage,Prime,2023-03-12,4361.68
437,1021,32023.26,0.0677,0.1672,Mortgage,Subprime,2023-03-13,2167.97
438,1749,34926.65,0.0941,0.1425,Small Business,Prime,2023-03-14,3286.6
439,1669,12891.71,0.1696,0.1457,Small Business,Near Prime,2023-03-15,2186.43
440,1037,46148.54,0.1971,0.0977,Small Business,Prime,2023-03-16,9095.88
441,1229,23844.67,0.2497,0.185,Education,Subprime,2023-03-17,5954.01
442,1364,22241.23,0.2366,0.142,Mortgage,Near Prime,2023-03-18,5262.28
443,1562,28351.3,0.1785,0.1485,Auto,Subprime,2023-03-19,5060.71
444,1437,7113.47,0.1342,0.1737,Small Business,Near Prime,2023-03-20,954.63
445,1775,12482.75,0.1772,0.0621,Small Business,Near Prime,2023-03-21,2211.94
446,1282,38211.51,0.2071,0.1633,Mortgage,Subprime,2023-03-22,7913.6
447,1026,8725.94,0.0737,0.0471,Small Business,Subprime,2023-03-23,643.1
448,1225,32141.84,0.132,0.0756,Education,Near Prime,2023-03-24,4242.72
449,1276,16040.71,0.218,0.0738,Education,Near Prime,2023-03-25,3496.87
450,1797,22518.3,0.1268,0.1959,Small Business,Subprime,2023-03-26,2855.32
451,1608,17991.22,0.1644,0.1727,Mortgage,Prime,2023-03-27,2957.76
452,1283,21005.27,0.1676,0.1432,Mortgage,Subprime,2023-03-28,3520.48
453,1878,37357.07,0.0869,0.1481,Mortgage,Near Prime,2023-03-29,3246.33
454,1959,18370.48,0.1224,0.1168,Personal,Subprime,2023-03-30,2248.55
455,1480,30488.21,0.1169,0.1899,Small Business,Prime,2023-03-31,3564.07
456,1452,26422.27,0.0552,0.1043,Mortgage,Subprime,2023-04-01,1458.51
457,1828,34865.2,0.0548,0.0823,Education,Near Prime,2023-04-02,1910.61
458,1815,47157.34,0.2163,0.041,Auto,Subprime,2023-04-03,10200.13
459,1658,37965.74,0.1046,0.1594,Auto,Near Prime,2023-04-04,3971.22
460,1515,14672.32,0.1536,0.1495,Mortgage,Near Prime,2023-04-05,2253.67
461,1546,6403.24,0.1097,0.083,Auto,Subprime,2023-04-06,702.44
462,1191,16801.88,0.2381,0.0148,Auto,Near Prime,2023-04-07,4000.53
463,1048,31778.51,0.1019,0.1694,Personal,Near Prime,2023-04-08,3238.23
464,1511,7314.16,0.1359,0.0122,Education,Prime,2023-04-09,993.99
465,1016,27336.48,0.2245,0.1437,Education,Prime,2023-04-10,6137.04
466,1171,31857.93,0.2184,0.1943,Personal,Prime,2023-04-11,6957.77
467,1219,20040.98,0.0872,0.0932,Personal,Prime,2023-04-12,1747.57
468,1157,39691.05,0.2105,0.0546,Auto,Near Prime,2023-04-13,8354.97
469,1476,9796.92,0.1416,0.1439,Small Business,Subprime,2023-04-14,1387.24
470,1045,8381.2,0.1466,0.1653,Auto,Near Prime,2023-04-15,1228.68
471,1372,37768.49,0.0767,0.1138,Personal,Near Prime,2023-04-16,2896.84
472,1517,27297.11,0.0661,0.1937,Education,Near Prime,2023-04-17,1804.34
473,1098,35978.11,0.1956,0.0198,Auto,Subprime,2023-04-18,7037.32
474,1891,24567.23,0.1493,0.1059,Small Business,Prime,2023-04-19,3667.89
475,1744,16088.09,0.1374,0.1465,Auto,Near Prime,2023-04-20,2210.5
476,1036,41859.6,0.1959,0.1739,Mortgage,Near Prime,2023-04-21,8200.3
477,1279,40973.71,0.2031,0.0441,Auto,Prime,2023-04-22,8321.76
478,1348,36261.34,0.0818,0.162,Personal,Near Prime,2023-04-23,2966.18
479,1496,17246.53,0.172,0.115,Education,Subprime,2023-04-24,2966.4
480,1301,31560.38,0.0771,0.0853,Education,Near Prime,2023-04-25,2433.31
481,1180,21243.83,0.2003,0.035,Personal,Near Prime,2023-04-26,4255.14
482,1606,9121.19,0.1814,0.1744,Mortgage,Prime,2023-04-27,1654.58
483,1098,46279.11,0.2413,0.0399,Personal,Near Prime,2023-04-28,11167.15
484,1699,11156.84,0.0638,0.0689,Auto,Near Prime,2023-04-29,711.81
485,1992,47760.68,0.0614,0.0651,Personal,Subprime,2023-04-30,2932.51
486,1115,25070.26,0.1064,0.1756,Personal,Prime,2023-05-01,2667.48
487,1190,13330.98,0.1023,0.1378,Mortgage,Prime,2023-05-02,1363.76
488,1252,29385.54,0.0994,0.1614,Auto,Subprime,2023-05-03,2920.92
489,1980,44282.56,0.2313,0.0576,Small Business,Near Prime,2023-05-04,10242.56
490,1927,37950.12,0.0999,0.1287,Small Business,Prime,2023-05-05,3791.22
491,1982,41295.25,0.1044,0.1186,Education,Prime,2023-05-06,4311.22
492,1160,34645.25,0.2019,0.1682,Personal,Near Prime,2023-05-07,6994.88
493,1255,36152.45,0.1399,0.1822,Education,Near Prime,2023-05-08,5057.73
494,1322,43213.8,0.2053,0.0123,Mortgage,Prime,2023-05-09,8871.79
495,1127,16235.06,0.0631,0.1381,Small Business,Near Prime,2023-05-10,1024.43
496,1017,27024.12,0.1475,0.0198,Personal,Prime,2023-05-11,3986.06
497,1792,14954.42,0.0567,0.1143,Mortgage,Near Prime,2023-05-12,847.92
498,1734,49445.06,0.0625,0.0647,Mortgage,Near Prime,2023-05-13,3090.32
499,1565,47482.67,0.2313,0.0683,Personal,Subprime,2023-05-14,10982.74
500,1569,6774.21,0.0778,0.0771,Mortgage,Near Prime,2023-05-15,527.03
501,1322,36750.88,0.1565,0.128,Personal,Subprime,2023-05-16,5751.51
502,1871,46636.17,0.1322,0.0735,Personal,Near Prime,2023-05-17,6165.3
503,1685,13125.89,0.1195,0.1492,Auto,Prime,2023-05-18,1568.54
504,1791,30557.54,0.23,0.0869,Education,Prime,2023-05-19,7028.23
505,1625,46196.97,0.0544,0.023,Mortgage,Near Prime,2023-05-20,2513.12
506,1287,6527.57,0.1828,0.1589,Mortgage,Near Prime,2023-05-21,1193.24
507,1942,36383.91,0.2427,0.0643,Auto,Prime,2023-05-22,8830.37
508,1853,18380.71,0.162,0.0922,Auto,Near Prime,2023-05-23,2977.68
509,1662,46597.83,0.2374,0.1402,Auto,Subprime,2023-05-24,11062.32
510,1961,48697.62,0.0605,0.0732,Small Business,Subprime,2023-05-25,2946.21
511,1638,47491.99,0.1338,0.0208,Small Business,Subprime,2023-05-26,6354.43
512,1154,26339.64,0.102,0.081,Small Business,Subprime,2023-05-27,2686.64
513,1489,43791.92,0.1962,0.1894,Personal,Subprime,2023-05-28,8591.97
514,1385,43004.72,0.2463,0.1319,Mortgage,Near Prime,2023-05-29,10592.06
515,1985,19359.52,0.1013,0.1376,Education,Near Prime,2023-05-30,1961.12
516,1784,42301.2,0.1808,0.1301,Personal,Subprime,2023-05-31,7648.06
517,1103,6665.34,0.0896,0.0478,Mortgage,Near Prime,2023-06-01,597.21
518,1928,31832.14,0.1631,0.0895,Mortgage,Near Prime,2023-06-02,5191.82
519,1392,15350.4,0.1428,0.1527,Auto,Subprime,2023-06-03,2192.04
520,1810,10425.51,0.2444,0.0293,Auto,Near Prime,2023-06-04,2547.99
521,1245,8462.89,0.1717,0.0628,Personal,Near Prime,2023-06-05,1453.08
522,1175,36332.99,0.1199,0.0625,Auto,Near Prime,2023-06-06,4356.33
523,1038,20294.37,0.0728,0.0921,Mortgage,Subprime,2023-06-07,1477.43
524,1476,37614.5,0.0802,0.1963,Auto,Near Prime,2023-06-08,3016.68
525,1681,7941.04,0.0951,0.0228,Small Business,Prime,2023-06-09,755.19
526,1758,19188.07,0.1002,0.1086,Auto,Prime,2023-06-10,1922.64
527,1537,29277.11,0.2201,0.0441,Mortgage,Subprime,2023-06-11,6443.89
528,1866,40582.54,0.1622,0.1944,Personal,Prime,2023-06-12,6582.49
529,1817,19343.86,0.1547,0.0315,Education,Subprime,2023-06-13,2992.5
530,1920,33165.11,0.073,0.0867,Auto,Prime,2023-06-14,2421.05
531,1407,44869.0,0.222,0.1502,Mortgage,Prime,2023-06-15,9960.92
532,1524,32713.84,0.1946,0.1439,Education,Prime,2023-06-16,6366.11
533,1827,15483.18,0.0635,0.0903,Education,Subprime,2023-06-17,983.18
534,1505,6098.04,0.1916,0.0758,Small Business,Subprime,2023-06-18,1168.38
535,1902,44154.45,0.1587,0.0855,Education,Near Prime,2023-06-19,7007.31
536,1824,5957.12,0.0663,0.0602,Mortgage,Subprime,2023-06-20,394.96
537,1035,44361.58,0.1417,0.049,Mortgage,Prime,2023-06-21,6286.04
538,1684,28802.17,0.1469,0.1018,Auto,Prime,2023-06-22,4231.04
539,1019,47258.05,0.0832,0.061,Auto,Subprime,2023-06-23,3931.87
540,1320,40945.25,0.2391,0.0646,Auto,Subprime,2023-06-24,9790.01
541,1775,49907.03,0.22,0.1348,Education,Subprime,2023-06-25,10979.55
542,1511,20782.03,0.1838,0.194,Education,Near Prime,2023-06-26,3819.74
543,1399,39523.47,0.1425,0.1247,Small Business,Prime,2023-06-27,5632.09
544,1653,23086.89,0.1324,0.0246,Auto,Near Prime,2023-06-28,3056.7
545,1971,26594.4,0.1802,0.0244,Personal,Near Prime,2023-06-29,4792.31
546,1882,33237.75,0.1591,0.1908,Small Business,Prime,2023-06-30,5288.13
547,1470,44315.47,0.0625,0.0665,Personal,Prime,2023-07-01,2769.72
548,1142,49283.76,0.1525,0.0275,Education,Subprime,2023-07-02,7515.77
549,1091,39572.3,0.2113,0.1238,Small Business,Subprime,2023-07-03,8361.63
550,1353,23799.51,0.1418,0.1285,Small Business,Near Prime,2023-07-04,3374.77
551,1833,23961.07,0.0604,0.1332,Mortgage,Subprime,2023-07-05,1447.25
552,1799,38191.2,0.2073,0.0608,Education,Subprime,2023-07-06,7917.04
553,1726,15744.97,0.0903,0.0129,Education,Prime,2023-07-07,1421.77
554,1958,9971.34,0.1017,0.1934,Small Business,Prime,2023-07-08,1014.09
555,1853,20958.0,0.0829,0.0577,Education,Subprime,2023-07-09,1737.42
556,1050,17925.75,0.116,0.1384,Small Business,Prime,2023-07-10,2079.39
557,1664,18333.87,0.2014,0.1443,Mortgage,Subprime,2023-07-11,3692.44
558,1697,15512.35,0.1539,0.1259,Small Business,Prime,2023-07-12,2387.35
559,1574,6894.19,0.091,0.0695,Education,Prime,2023-07-13,627.37
560,1189,5804.33,0.2256,0.0615,Education,Prime,2023-07-14,1309.46
561,1124,49447.51,0.2259,0.1236,Small Business,Prime,2023-07-15,11170.19
562,1149,24249.79,0.2241,0.1746,Small Business,Subprime,2023-07-16,5434.38
563,1313,22294.7,0.0978,0.1899,Small Business,Near Prime,2023-07-17,2180.42
564,1569,35584.13,0.1402,0.0301,Auto,Prime,2023-07-18,4988.9
565,1341,14821.42,0.247,0.0394,Education,Subprime,2023-07-19,3660.89
566,1304,47748.25,0.2044,0.1895,Education,Subprime,2023-07-20,9759.74
567,1691,40385.53,0.0554,0.1499,Auto,Prime,2023-07-21,2237.36
568,1681,9023.5,0.063,0.1778,Small Business,Near Prime,2023-07-22,568.48
569,1837,23791.13,0.1428,0.0485,Mortgage,Prime,2023-07-23,3397.37
570,1782,44560.32,0.2318,0.1216,Small Business,Subprime,2023-07-24,10329.08
571,1053,47512.94,0.1577,0.1432,Small Business,Near Prime,2023-07-25,7492.79
572,1443,26033.07,0.1496,0.1392,Auto,Subprime,2023-07-26,3894.55
573,1612,32603.51,0.0711,0.0875,Education,Prime,2023-07-27,2318.11
574,1992,12516.53,0.1814,0.0129,Small Business,Near Prime,2023-07-28,2270.5
575,1263,49602.59,0.2144,0.1208,Education,Subprime,2023-07-29,10634.8
576,1052,15425.23,0.1261,0.0581,Personal,Subprime,2023-07-30,1945.12
577,1571,47422.93,0.2051,0.0955,Education,Subprime,2023-07-31,9726.44
578,1619,34234.1,0.2429,0.1919,Mortgage,Prime,2023-08-01,8315.46
579,1004,32348.16,0.0908,0.0858,Mortgage,Near Prime,2023-08-02,2937.21
580,1102,28070.98,0.1547,0.1696,Small Business,Prime,2023-08-03,4342.58
581,1195,15380.14,0.1074,0.0458,Education,Prime,2023-08-04,1651.83
582,1773,12943.76,0.2086,0.1378,Small Business,Prime,2023-08-05,2700.07
583,1876,14921.88,0.1655,0.1956,Auto,Near Prime,2023-08-06,2469.57
584,1991,13389.72,0.1769,0.0294,Mortgage,Prime,2023-08-07,2368.64
585,1883,40081.3,0.2096,0.0116,Small Business,Prime,2023-08-08,8401.04
586,1349,20755.64,0.1292,0.0924,Auto,Prime,2023-08-09,2681.63
587,1046,7602.92,0.233,0.0276,Small Business,Prime,2023-08-10,1771.48
588,1866,48609.62,0.1566,0.1522,Education,Subprime,2023-08-11,7612.27
589,1822,44770.36,0.0816,0.1838,Education,Prime,2023-08-12,3653.26
590,1935,46748.85,0.1892,0.0925,Education,Subprime,2023-08-13,8844.88
591,1819,49770.85,0.2087,0.0592,Education,Prime,2023-08-14,10387.18
592,1655,12825.29,0.1134,0.0925,Personal,Near Prime,2023-08-15,1454.39
593,1268,22830.89,0.2214,0.1475,Auto,Subprime,2023-08-16,5054.76
594,1369,39120.73,0.2312,0.0117,Auto,Subprime,2023-08-17,9044.71
595,1635,36320.93,0.1054,0.122,Education,Subprime,2023-08-18,3828.23
596,1105,11925.32,0.2467,0.1265,Personal,Subprime,2023-08-19,2941.98
597,1669,41712.49,0.0781,0.1312,Education,Near Prime,2023-08-20,3257.75
598,1658,15099.83,0.0904,0.056,Personal,Prime,2023-08-21,1365.02
599,1656,15071.79,0.0868,0.1457,Education,Subprime,2023-08-22,1308.23
600,1119,29163.85,0.2288,0.0274,Mortgage,Near Prime,2023-08-23,6672.69
601,1830,31682.3,0.1809,0.0479,Mortgage,Subprime,2023-08-24,5731.33
602,1786,31103.88,0.0804,0.1767,Small Business,Prime,2023-08-25,2500.75
603,1603,9116.91,0.1381,0.1504,Education,Subprime,2023-08-26,1259.05
604,1057,44485.74,0.1731,0.0126,Auto,Near Prime,2023-08-27,7700.48
605,1950,16952.0,0.0667,0.0572,Small Business,Prime,2023-08-28,1130.7
606,1345,10828.17,0.2265,0.0507,Mortgage,Near Prime,2023-08-29,2452.58
607,1740,44993.66,0.2107,0.0615,Education,Prime,2023-08-30,9480.16
608,1473,48004.32,0.151,0.057,Small Business,Prime,2023-08-31,7248.65
609,1116,43795.74,0.2434,0.0219,Education,Prime,2023-09-01,10659.88
610,1829,41428.22,0.1336,0.0972,Mortgage,Subprime,2023-09-02,5534.81
611,1790,34485.89,0.2468,0.1492,Small Business,Near Prime,2023-09-03,8511.12
612,1126,29788.58,0.1836,0.1253,Mortgage,Near Prime,2023-09-04,5469.18
613,1392,8914.4,0.1769,0.1378,Personal,Near Prime,2023-09-05,1576.96
614,1907,23380.39,0.0832,0.0254,Mortgage,Prime,2023-09-06,1945.25
615,1640,21770.98,0.2264,0.1908,Education,Subprime,2023-09-07,4928.95
616,1057,16688.92,0.1355,0.1693,Auto,Prime,2023-09-08,2261.35
617,1633,37553.91,0.0824,0.163,Mortgage,Near Prime,2023-09-09,3094.44
618,1512,27314.41,0.0525,0.1664,Auto,Subprime,2023-09-10,1434.01
619,1750,8647.08,0.162,0.1872,Personal,Subprime,2023-09-11,1400.83
620,1801,14908.24,0.1555,0.1134,Small Business,Subprime,2023-09-12,2318.23
621,1095,35746.64,0.1939,0.0481,Small Business,Near Prime,2023-09-13,6931.27
622,1637,8425.89,0.2281,0.1272,Auto,Subprime,2023-09-14,1921.95
623,1117,43304.31,0.0659,0.1511,Small Business,Subprime,2023-09-15,2853.75
624,1559,27281.59,0.1963,0.1502,Mortgage,Prime,2023-09-16,5355.38
625,1600,26626.4,0.0875,0.1091,Auto,Prime,2023-09-17,2329.81
626,1487,31658.35,0.2216,0.023,Education,Subprime,2023-09-18,7015.49
627,1236,42110.64,0.2138,0.0805,Mortgage,Subprime,2023-09-19,9003.25
628,1884,20651.41,0.1582,0.1849,Mortgage,Prime,2023-09-20,3267.05
629,1896,35510.73,0.192,0.121,Mortgage,Prime,2023-09-21,6818.06
630,1271,30457.94,0.1129,0.1123,Education,Prime,2023-09-22,3438.7
631,1188,17016.27,0.1442,0.0611,Personal,Near Prime,2023-09-23,2453.75
632,1998,44538.35,0.2143,0.08,Small Business,Near Prime,2023-09-24,9544.57
633,1703,40884.17,0.1419,0.1801,Auto,Prime,2023-09-25,5801.46
634,1446,34630.33,0.1216,0.1366,Personal,Subprime,2023-09-26,4211.05
635,1580,43276.18,0.1488,0.1596,Auto,Prime,2023-09-27,6439.5
636,1789,44028.24,0.2156,0.0963,Small Business,Near Prime,2023-09-28,9492.49
637,1860,36876.33,0.117,0.1297,Education,Subprime,2023-09-29,4314.53
638,1246,42665.6,0.0848,0.0572,Mortgage,Near Prime,2023-09-30,3618.04
639,1962,36386.22,0.1924,0.144,Mortgage,Subprime,2023-10-01,7000.71
640,1075,35606.33,0.2152,0.0912,Education,Near Prime,2023-10-02,7662.48
641,1153,32837.51,0.0701,0.0941,Personal,Subprime,2023-10-03,2301.91
642,1655,38872.25,0.098,0.1334,Personal,Subprime,2023-10-04,3809.48
643,1434,12137.23,0.0784,0.1879,Auto,Subprime,2023-10-05,951.56
644,1996,44639.18,0.1196,0.0222,Education,Subprime,2023-10-06,5338.85
645,1085,44232.96,0.1401,0.1667,Personal,Near Prime,2023-10-07,6197.04
646,1696,6316.13,0.1998,0.0656,Education,Near Prime,2023-10-08,1261.96
647,1284,42161.75,0.1802,0.0943,Small Business,Subprime,2023-10-09,7597.55
648,1973,10799.14,0.1742,0.0142,Mortgage,Subprime,2023-10-10,1881.21
649,1219,20080.35,0.1205,0.0672,Mortgage,Near Prime,2023-10-11,2419.68
650,1068,38457.87,0.2183,0.1055,Mortgage,Subprime,2023-10-12,8395.35
651,1046,12234.2,0.1443,0.0207,Education,Subprime,2023-10-13,1765.4
652,1093,41808.52,0.2458,0.1033,Education,Subprime,2023-10-14,10276.53
653,1749,42446.04,0.1768,0.1862,Auto,Prime,2023-10-15,7504.46
654,1957,27836.05,0.0753,0.03,Mortgage,Subprime,2023-10-16,2096.05
655,1452,5287.36,0.1852,0.1552,Auto,Prime,2023-10-17,979.22
656,1203,17916.72,0.115,0.0878,Mortgage,Subprime,2023-10-18,2060.42
657,1911,32761.71,0.1873,0.1345,Auto,Near Prime,2023-10-19,6136.27
658,1217,49153.38,0.0639,0.0594,Auto,Prime,2023-10-20,3140.9
659,1473,33431.61,0.085,0.0403,Small Business,Prime,2023-10-21,2841.69
660,1431,16691.16,0.2211,0.0405,Auto,Subprime,2023-10-22,3690.42
661,1340,33530.26,0.0954,0.0234,Education,Subprime,2023-10-23,3198.79
662,1550,29299.34,0.2174,0.0453,Auto,Prime,2023-10-24,6369.68
663,1611,40093.04,0.1059,0.1362,Mortgage,Near Prime,2023-10-25,4245.85
664,1288,9814.13,0.1786,0.1775,Auto,Near Prime,2023-10-26,1752.8
665,1253,39246.26,0.1888,0.1647,Personal,Subprime,2023-10-27,7409.69
666,1733,29357.0,0.1525,0.1402,Mortgage,Near Prime,2023-10-28,4476.94
667,1356,48334.64,0.1111,0.031,Personal,Near Prime,2023-10-29,5369.98
668,1022,20384.25,0.0925,0.0649,Mortgage,Subprime,2023-10-30,1885.54
669,1761,33467.99,0.0566,0.0689,Education,Near Prime,2023-10-31,1894.29
670,1521,46941.26,0.1108,0.0575,Education,Subprime,2023-11-01,5201.09
671,1757,9612.94,0.1806,0.1079,Education,Prime,2023-11-02,1736.1
672,1836,47175.28,0.2377,0.1118,Personal,Subprime,2023-11-03,11213.56
673,1099,35954.86,0.2242,0.0778,Small Business,Prime,2023-11-04,8061.08
674,1801,8052.67,0.2032,0.0772,Mortgage,Prime,2023-11-05,1636.3
675,1179,18543.36,0.2077,0.1674,Education,Near Prime,2023-11-06,3851.46
676,1222,36867.74,0.183,0.16,Mortgage,Near Prime,2023-11-07,6746.8
677,1905,8030.78,0.1021,0.0685,Personal,Near Prime,2023-11-08,819.94
678,1761,31197.67,0.2314,0.1836,Small Business,Subprime,2023-11-09,7219.14
679,1658,20564.74,0.1841,0.191,Personal,Near Prime,2023-11-10,3785.97
680,1441,32941.2,0.1621,0.0721,Mortgage,Prime,2023-11-11,5339.77
681,1607,7058.39,0.0722,0.0773,Small Business,Near Prime,2023-11-12,509.62
682,1768,44219.16,0.1394,0.1061,Small Business,Near Prime,2023-11-13,6164.15
683,1324,48807.0,0.1421,0.1888,Personal,Subprime,2023-11-14,6935.47
684,1515,48599.5,0.2229,0.1765,Education,Subprime,2023-11-15,10832.83
685,1015,38734.33,0.1593,0.0295,Mortgage,Prime,2023-11-16,6170.38
686,1791,10853.88,0.1261,0.0846,Auto,Subprime,2023-11-17,1368.67
687,1335,39121.84,0.2454,0.1151,Auto,Near Prime,2023-11-18,9600.5
688,1758,6106.41,0.0721,0.1056,Personal,Subprime,2023-11-19,440.27
689,1257,5995.56,0.1345,0.0468,Mortgage,Prime,2023-11-20,806.4
690,1496,19562.46,0.0584,0.1732,Mortgage,Near Prime,2023-11-21,1142.45
691,1987,26988.94,0.198,0.1386,Personal,Prime,2023-11-22,5343.81
692,1895,39668.33,0.2336,0.1692,Mortgage,Subprime,2023-11-23,9266.52
693,1159,35748.29,0.106,0.1732,Education,Subprime,2023-11-24,3789.32
694,1474,25065.62,0.2217,0.1522,Personal,Prime,2023-11-25,5557.05
695,1851,17313.2,0.1084,0.0935,Education,Near Prime,2023-11-26,1876.75
696,1663,49870.6,0.2322,0.126,Mortgage,Subprime,2023-11-27,11579.95
697,1907,24178.16,0.2008,0.0405,Personal,Subprime,2023-11-28,4854.97
698,1689,25312.42,0.211,0.138,Mortgage,Near Prime,2023-11-29,5340.92
699,1674,12363.07,0.0536,0.0441,Personal,Subprime,2023-11-30,662.66
700,1379,40766.43,0.2426,0.1419,Mortgage,Prime,2023-12-01,9889.94
701,1544,36215.7,0.1953,0.0536,Education,Subprime,2023-12-02,7072.93
702,1928,14934.63,0.111,0.0323,Education,Subprime,2023-12-03,1657.74
703,1956,8707.15,0.2159,0.0414,Mortgage,Near Prime,2023-12-04,1879.87
704,1690,35622.47,0.1063,0.0104,Personal,Prime,2023-12-05,3786.67
705,1426,34453.0,0.2246,0.1466,Auto,Near Prime,2023-12-06,7738.14
706,1612,17296.68,0.0725,0.1492,Education,Subprime,2023-12-07,1254.01
707,1267,47788.86,0.1907,0.1078,Education,Subprime,2023-12-08,9113.34
708,1834,11797.61,0.1581,0.0407,Auto,Near Prime,2023-12-09,1865.2
709,1576,24455.07,0.0693,0.0259,Mortgage,Near Prime,2023-12-10,1694.74
710,1416,47462.72,0.0984,0.0136,Personal,Near Prime,2023-12-11,4670.33
711,1167,23887.73,0.0525,0.0415,Mortgage,Prime,2023-12-12,1254.11
712,1841,33733.67,0.1438,0.1793,Small Business,Subprime,2023-12-13,4850.9
713,1042,22891.75,0.1103,0.0559,Education,Near Prime,2023-12-14,2524.96
714,1555,17339.68,0.1697,0.0773,Small Business,Subprime,2023-12-15,2942.54
715,1284,49278.99,0.1094,0.03,Education,Prime,2023-12-16,5391.12
716,1396,23420.03,0.11,0.0522,Education,Prime,2023-12-17,2576.2
717,1011,45234.46,0.1986,0.1087,Small Business,Prime,2023-12-18,8983.56
718,1606,15347.96,0.0596,0.1255,Small Business,Prime,2023-12-19,914.74
719,1301,14589.71,0.2306,0.0566,Mortgage,Subprime,2023-12-20,3364.39
720,1897,6401.03,0.2205,0.021,Small Business,Prime,2023-12-21,1411.43
721,1252,34325.01,0.1836,0.0843,Mortgage,Prime,2023-12-22,6302.07
722,1498,21583.69,0.1686,0.0545,Mortgage,Near Prime,2023-12-23,3639.01
723,1753,43896.12,0.2285,0.0517,Mortgage,Prime,2023-12-24,10030.26
724,1034,26294.45,0.0871,0.1924,Education,Near Prime,2023-12-25,2290.25
725,1726,48568.7,0.0658,0.1271,Education,Prime,2023-12-26,3195.82
726,1848,13348.65,0.0979,0.1158,Small Business,Prime,2023-12-27,1306.83
727,1089,44088.04,0.2089,0.089,Education,Near Prime,2023-12-28,9209.99
728,1775,39946.86,0.0569,0.0915,Small Business,Prime,2023-12-29,2272.98
729,1604,39691.48,0.1666,0.1128,Education,Subprime,2023-12-30,6612.6
730,1921,43015.25,0.2491,0.1423,Personal,Subprime,2023-12-31,10715.1
731,1969,39246.08,0.2211,0.1434,Personal,Prime,2024-01-01,8677.31
732,1601,33179.91,0.1543,0.0426,Small Business,Subprime,2024-01-02,5119.66
733,1417,10906.02,0.0627,0.105,Education,Near Prime,2024-01-03,683.81
734,1114,6463.68,0.2163,0.0883,Education,Prime,2024-01-04,1398.09
735,1616,46438.15,0.1698,0.1754,Mortgage,Prime,2024-01-05,7885.2
736,1902,32749.26,0.073,0.13,Auto,Near Prime,2024-01-06,2390.7
737,1195,40844.18,0.0688,0.1112,Small Business,Near Prime,2024-01-07,2810.08
738,1825,26668.51,0.2319,0.0319,Auto,Near Prime,2024-01-08,6184.43
739,1500,10278.87,0.1838,0.1251,Auto,Prime,2024-01-09,1889.26
740,1625,10633.36,0.2159,0.0323,Small Business,Near Prime,2024-01-10,2295.74
741,1492,35850.44,0.2258,0.0741,Education,Near Prime,2024-01-11,8095.03
742,1074,24363.77,0.1644,0.0371,Small Business,Subprime,2024-01-12,4005.4
743,1412,14023.61,0.1535,0.1415,Auto,Subprime,2024-01-13,2152.62
744,1375,27121.75,0.1361,0.0492,Education,Prime,2024-01-14,3691.27
745,1419,7889.4,0.1134,0.0845,Personal,Subprime,2024-01-15,894.66
746,1728,31188.71,0.1369,0.1802,Small Business,Subprime,2024-01-16,4269.73
747,1276,17104.7,0.2048,0.0488,Small Business,Near Prime,2024-01-17,3503.04
748,1760,40890.16,0.1704,0.1065,Education,Near Prime,2024-01-18,6967.68
749,1675,18966.29,0.2285,0.0897,Personal,Subprime,2024-01-19,4333.8
750,1393,25484.91,0.1387,0.0134,Personal,Subprime,2024-01-20,3534.76
751,1868,5522.92,0.1714,0.1606,Education,Subprime,2024-01-21,946.63
752,1456,8260.11,0.1763,0.0231,Mortgage,Prime,2024-01-22,1456.26
753,1919,22662.21,0.1683,0.1001,Small Business,Prime,2024-01-23,3814.05
754,1191,26597.25,0.1905,0.1165,Small Business,Prime,2024-01-24,5066.78
755,1738,32000.92,0.0975,0.1294,Auto,Subprime,2024-01-25,3120.09
756,1688,18124.82,0.1525,0.1408,Education,Subprime,2024-01-26,2764.04
757,1098,36274.18,0.0708,0.0581,Auto,Prime,2024-01-27,2568.21
758,1547,43705.51,0.1269,0.0119,Auto,Prime,2024-01-28,5546.23
759,1977,40093.29,0.1475,0.1475,Personal,Subprime,2024-01-29,5913.76
760,1998,6782.85,0.1804,0.1118,Small Business,Near Prime,2024-01-30,1223.63
761,1095,26622.81,0.2401,0.1689,Auto,Prime,2024-01-31,6392.14
762,1663,9721.86,0.1701,0.1661,Personal,Subprime,2024-02-01,1653.69
763,1662,15892.03,0.1987,0.1702,Education,Subprime,2024-02-02,3157.75
764,1189,49399.82,0.1513,0.1022,Auto,Near Prime,2024-02-03,7474.19
765,1735,11412.3,0.1768,0.0734,Small Business,Subprime,2024-02-04,2017.69
766,1036,27449.97,0.0642,0.1604,Auto,Subprime,2024-02-05,1762.29
767,1779,32817.01,0.1009,0.0957,Education,Prime,2024-02-06,3311.24
768,1368,36610.92,0.1224,0.0449,Auto,Prime,2024-02-07,4481.18
769,1694,30184.19,0.1445,0.1724,Small Business,Near Prime,2024-02-08,4361.62
770,1524,5439.69,0.0591,0.1777,Personal,Near Prime,2024-02-09,321.49
771,1278,19690.76,0.078,0.0986,Small Business,Subprime,2024-02-10,1535.88
772,1216,28297.02,0.1054,0.0244,Personal,Prime,2024-02-11,2982.51
773,1866,8953.99,0.2443,0.0837,Mortgage,Near Prime,2024-02-12,2187.46
774,1872,20778.21,0.1163,0.1627,Small Business,Near Prime,2024-02-13,2416.51
775,1797,6494.14,0.1464,0.1813,Small Business,Near Prime,2024-02-14,950.74
776,1272,8536.03,0.0892,0.0487,Education,Subprime,2024-02-15,761.41
777,1880,22861.55,0.1722,0.0227,Auto,Prime,2024-02-16,3936.76
778,1061,10972.21,0.1061,0.1767,Personal,Near Prime,2024-02-17,1164.15
779,1595,30539.34,0.0914,0.084,Personal,Prime,2024-02-18,2791.3
780,1879,36025.92,0.1533,0.1129,Education,Near Prime,2024-02-19,5522.77
781,1728,41026.4,0.0511,0.1939,Education,Near Prime,2024-02-20,2096.45
782,1341,14006.76,0.0515,0.0226,Auto,Prime,2024-02-21,721.35
783,1396,12536.72,0.0938,0.1332,Auto,Prime,2024-02-22,1175.94
784,1698,9705.55,0.0573,0.0241,Small Business,Prime,2024-02-23,556.13
785,1018,33639.36,0.0716,0.0813,Mortgage,Subprime,2024-02-24,2408.58
786,1176,36791.41,0.1178,0.1627,Auto,Near Prime,2024-02-25,4334.03
787,1611,6421.38,0.2105,0.0924,Education,Subprime,2024-02-26,1351.7
788,1395,47129.55,0.1644,0.1995,Auto,Prime,2024-02-27,7748.1
789,1444,7338.71,0.1525,0.1162,Personal,Near Prime,2024-02-28,1119.15
790,1232,29358.34,0.1087,0.071,Mortgage,Subprime,2024-02-29,3191.25
791,1914,36907.72,0.2364,0.0518,Small Business,Near Prime,2024-03-01,8724.99
792,1075,44193.61,0.1294,0.0766,Personal,Subprime,2024-03-02,5718.65
793,1264,37133.91,0.0674,0.0808,Personal,Prime,2024-03-03,2502.83
794,1454,41077.76,0.1734,0.0231,Mortgage,Subprime,2024-03-04,7122.88
795,1795,20275.26,0.0728,0.0802,Small Business,Near Prime,2024-03-05,1476.04
796,1717,41667.13,0.119,0.0982,Education,Near Prime,2024-03-06,4958.39
797,1734,8605.17,0.1515,0.1473,Small Business,Near Prime,2024-03-07,1303.68
798,1383,45266.75,0.2248,0.1348,Auto,Near Prime,2024-03-08,10175.97
799,1563,29641.66,0.1487,0.1447,Personal,Prime,2024-03-09,4407.71
800,1850,41778.4,0.1905,0.0116,Auto,Subprime,2024-03-10,7958.79
801,1505,25354.32,0.2486,0.0514,Education,Prime,2024-03-11,6303.08
802,1366,33961.0,0.0763,0.1357,Auto,Prime,2024-03-12,2591.22
803,1143,28688.12,0.1049,0.102,Small Business,Prime,2024-03-13,3009.38
804,1884,37921.53,0.1289,0.011,Auto,Near Prime,2024-03-14,4888.09
805,1068,8673.35,0.1344,0.1629,Education,Near Prime,2024-03-15,1165.7
806,1098,7715.84,0.1322,0.1568,Education,Near Prime,2024-03-16,1020.03
807,1395,16119.65,0.2315,0.1142,Education,Subprime,2024-03-17,3731.7
808,1024,12179.51,0.1928,0.0226,Small Business,Near Prime,2024-03-18,2348.21
809,1947,44230.26,0.1716,0.1556,Education,Subprime,2024-03-19,7589.91
810,1890,14864.63,0.1119,0.1209,Personal,Near Prime,2024-03-20,1663.35
811,1468,48913.94,0.2148,0.1586,Education,Near Prime,2024-03-21,10506.71
812,1483,20160.31,0.241,0.1528,Auto,Prime,2024-03-22,4858.63
813,1564,13195.31,0.2142,0.1626,Auto,Prime,2024-03-23,2826.44
814,1150,40536.43,0.0503,0.1084,Auto,Prime,2024-03-24,2038.98
815,1143,34641.85,0.1773,0.0367,Small Business,Subprime,2024-03-25,6142.0
816,1568,27418.81,0.0602,0.1375,Auto,Subprime,2024-03-26,1650.61
817,1038,29991.36,0.1015,0.1279,Small Business,Near Prime,2024-03-27,3044.12
818,1108,37364.08,0.0619,0.151,Small Business,Subprime,2024-03-28,2312.84
819,1692,15280.46,0.1708,0.0423,Education,Near Prime,2024-03-29,2609.9
820,1041,49835.03,0.1873,0.047,Personal,Subprime,2024-03-30,9334.1
821,1185,48865.69,0.0729,0.1792,Education,Subprime,2024-03-31,3562.31
822,1934,34264.66,0.1268,0.1525,Education,Subprime,2024-04-01,4344.76
823,1397,13979.41,0.1412,0.1826,Small Business,Prime,2024-04-02,1973.89
824,1222,35610.27,0.1238,0.1542,Small Business,Subprime,2024-04-03,4408.55
825,1633,8248.93,0.0742,0.1235,Auto,Prime,2024-04-04,612.07
826,1132,6379.36,0.1338,0.1343,Auto,Prime,2024-04-05,853.56
827,1162,16595.73,0.2002,0.1789,Education,Subprime,2024-04-06,3322.47
828,1214,25818.03,0.0642,0.12,Mortgage,Near Prime,2024-04-07,1657.52
829,1732,44072.26,0.066,0.1302,Mortgage,Near Prime,2024-04-08,2908.77
830,1234,37722.61,0.121,0.0397,Auto,Near Prime,2024-04-09,4564.44
831,1842,38421.79,0.2383,0.1,Mortgage,Subprime,2024-04-10,9155.91
832,1657,24147.2,0.1837,0.1461,Auto,Near Prime,2024-04-11,4435.84
833,1750,20567.07,0.1857,0.0615,Small Business,Prime,2024-04-12,3819.3
834,1587,21696.74,0.1224,0.0484,Education,Near Prime,2024-04-13,2655.68
835,1008,49444.23,0.1687,0.0696,Personal,Subprime,2024-04-14,8341.24
836,1073,6804.91,0.052,0.0559,Education,Near Prime,2024-04-15,353.86
837,1953,44016.42,0.1772,0.0508,Auto,Prime,2024-04-16,7799.71
838,1491,31040.39,0.2327,0.0907,Auto,Subprime,2024-04-17,7223.1
839,1912,24737.69,0.1725,0.1825,Education,Near Prime,2024-04-18,4267.25
840,1252,37636.59,0.2247,0.1063,Auto,Subprime,2024-04-19,8456.94
841,1229,26900.1,0.1948,0.0457,Mortgage,Subprime,2024-04-20,5240.14
842,1518,44304.05,0.0741,0.0246,Mortgage,Subprime,2024-04-21,3282.93
843,1173,45531.58,0.2305,0.1423,Auto,Near Prime,2024-04-22,10495.03
844,1652,23977.44,0.0633,0.0827,Auto,Subprime,2024-04-23,1517.77
845,1167,17457.25,0.1568,0.1661,Mortgage,Near Prime,2024-04-24,2737.3
846,1169,31655.76,0.0784,0.1353,Auto,Prime,2024-04-25,2481.81
847,1392,46056.35,0.0523,0.1613,Auto,Near Prime,2024-04-26,2408.75
848,1945,14479.8,0.1344,0.0617,Education,Prime,2024-04-27,1946.09
849,1794,33033.5,0.109,0.1415,Personal,Near Prime,2024-04-28,3600.65
850,1633,33420.21,0.1472,0.0602,Mortgage,Subprime,2024-04-29,4919.45
851,1193,37990.09,0.1654,0.1884,Education,Near Prime,2024-04-30,6283.56
852,1516,10920.55,0.0587,0.1309,Personal,Subprime,2024-05-01,641.04
853,1028,37212.12,0.0746,0.0717,Auto,Prime,2024-05-02,2776.02
854,1164,45906.46,0.1617,0.0612,Auto,Near Prime,2024-05-03,7423.07
855,1421,13085.74,0.1186,0.0463,Education,Subprime,2024-05-04,1551.97
856,1338,15689.45,0.1958,0.142,Auto,Prime,2024-05-05,3071.99
857,1647,48712.78,0.1805,0.0516,Small Business,Prime,2024-05-06,8792.66
858,1495,13143.96,0.2191,0.1231,Education,Near Prime,2024-05-07,2879.84
859,1364,43447.33,0.1885,0.0603,Personal,Prime,2024-05-08,8189.82
860,1832,27152.5,0.136,0.1358,Education,Subprime,2024-05-09,3692.74
861,1341,16125.4,0.1846,0.1648,Mortgage,Prime,2024-05-10,2976.75
862,1499,44183.75,0.1051,0.1578,Education,Prime,2024-05-11,4643.71
863,1656,25038.74,0.1113,0.1546,Auto,Subprime,2024-05-12,2786.81
864,1510,28166.78,0.2078,0.0457,Auto,Prime,2024-05-13,5853.06
865,1326,21165.5,0.1393,0.0268,Small Business,Prime,2024-05-14,2948.35
866,1216,31682.79,0.2097,0.1428,Small Business,Prime,2024-05-15,6643.88
867,1300,12358.57,0.2145,0.08,Small Business,Prime,2024-05-16,2650.91
868,1131,22598.67,0.2215,0.0921,Personal,Subprime,2024-05-17,5005.61
869,1803,48623.55,0.2333,0.0159,Small Business,Prime,2024-05-18,11343.87
870,1069,16616.0,0.1362,0.0593,Personal,Subprime,2024-05-19,2263.1
871,1251,34553.15,0.1138,0.0164,Small Business,Prime,2024-05-20,3932.15
872,1414,19633.55,0.1664,0.177,Personal,Prime,2024-05-21,3267.02
873,1786,39806.29,0.1242,0.0562,Education,Prime,2024-05-22,4943.94
874,1444,10889.31,0.1702,0.1159,Education,Prime,2024-05-23,1853.36
875,1875,48641.95,0.1911,0.0174,Auto,Subprime,2024-05-24,9295.48
876,1181,25420.53,0.1877,0.1367,Personal,Subprime,2024-05-25,4771.43
877,1166,15622.27,0.1249,0.0714,Mortgage,Subprime,2024-05-26,1951.22
878,1090,8307.35,0.0834,0.1806,Auto,Near Prime,2024-05-27,692.83
879,1713,12639.11,0.1361,0.1787,Education,Prime,2024-05-28,1720.18
880,1857,28389.83,0.0785,0.0718,Personal,Prime,2024-05-29,2228.6
881,1530,20165.14,0.228,0.1812,Small Business,Subprime,2024-05-30,4597.65
882,1038,42299.75,0.1192,0.1993,Mortgage,Near Prime,2024-05-31,5042.13
883,1125,24389.94,0.0809,0.1668,Education,Prime,2024-06-01,1973.15
884,1450,16192.14,0.0551,0.1705,Auto,Subprime,2024-06-02,892.19
885,1172,32771.52,0.1792,0.0573,Personal,Prime,2024-06-03,5872.66
886,1652,36804.97,0.1774,0.1196,Mortgage,Prime,2024-06-04,6529.2
887,1753,12516.89,0.1181,0.0228,Personal,Subprime,2024-06-05,1478.24
888,1219,12542.86,0.0643,0.028,Small Business,Subprime,2024-06-06,806.51
889,1637,6650.21,0.1319,0.1998,Auto,Prime,2024-06-07,877.16
890,1057,38138.09,0.1122,0.0721,Personal,Prime,2024-06-08,4279.09
891,1659,34871.2,0.1854,0.1522,Education,Subprime,2024-06-09,6465.12
892,1475,26358.39,0.1712,0.1633,Auto,Prime,2024-06-10,4512.56
893,1455,42987.67,0.1229,0.173,Education,Prime,2024-06-11,5283.18
894,1828,41255.16,0.0936,0.1995,Personal,Subprime,2024-06-12,3861.48
895,1894,31340.95,0.2476,0.0559,Auto,Prime,2024-06-13,7760.02
896,1360,44072.21,0.1408,0.0177,Education,Prime,2024-06-14,6205.37
897,1934,14262.85,0.1877,0.0881,Small Business,Near Prime,2024-06-15,2677.14
898,1000,10036.38,0.0781,0.0347,Small Business,Subprime,2024-06-16,783.84
899,1386,17138.73,0.1471,0.0143,Personal,Near Prime,2024-06-17,2521.11
900,1972,7568.91,0.0555,0.0785,Auto,Near Prime,2024-06-18,420.07
901,1347,28902.63,0.1511,0.1589,Mortgage,Near Prime,2024-06-19,4367.19
902,1189,47147.26,0.2428,0.1176,Auto,Prime,2024-06-20,11447.35
903,1504,6770.46,0.1268,0.0694,Small Business,Prime,2024-06-21,858.49
904,1190,10494.95,0.0578,0.1343,Education,Near Prime,2024-06-22,606.61
905,1507,25348.96,0.0562,0.0541,Mortgage,Near Prime,2024-06-23,1424.61
906,1368,47024.38,0.1276,0.0127,Personal,Near Prime,2024-06-24,6000.31
907,1408,19227.02,0.082,0.1552,Mortgage,Prime,2024-06-25,1576.62
908,1823,27825.57,0.0547,0.1285,Personal,Near Prime,2024-06-26,1522.06
909,1928,6870.78,0.2012,0.1548,Mortgage,Near Prime,2024-06-27,1382.4
910,1933,11675.44,0.1417,0.0174,Personal,Subprime,2024-06-28,1654.41
911,1116,49398.36,0.1078,0.1691,Personal,Subprime,2024-06-29,5325.14
912,1133,48430.34,0.23,0.1277,Mortgage,Prime,2024-06-30,11138.98
913,1057,5222.3,0.0732,0.117,Mortgage,Subprime,2024-07-01,382.27
914,1555,47831.53,0.2412,0.1287,Personal,Subprime,2024-07-02,11536.97
915,1684,33760.4,0.1128,0.1742,Small Business,Subprime,2024-07-03,3808.17
916,1671,44056.32,0.2277,0.1215,Mortgage,Prime,2024-07-04,10031.62
917,1172,25463.29,0.1706,0.1204,Auto,Subprime,2024-07-05,4344.04
918,1828,28201.82,0.2153,0.1982,Education,Prime,2024-07-06,6071.85
919,1814,26998.1,0.2468,0.1538,Personal,Near Prime,2024-07-07,6663.13
920,1148,35008.89,0.1077,0.094,Personal,Subprime,2024-07-08,3770.46
921,1079,11284.31,0.2422,0.1444,Education,Prime,2024-07-09,2733.06
922,1885,6348.81,0.1279,0.084,Small Business,Subprime,2024-07-10,812.01
923,1212,18856.85,0.1271,0.0535,Education,Near Prime,2024-07-11,2396.71
924,1202,36710.63,0.1181,0.1234,Mortgage,Prime,2024-07-12,4335.53
925,1763,14083.41,0.1583,0.1864,Education,Prime,2024-07-13,2229.4
926,1228,35304.46,0.0808,0.1865,Personal,Prime,2024-07-14,2852.6
927,1675,48646.04,0.1607,0.075,Education,Near Prime,2024-07-15,7817.42
928,1226,9225.53,0.1583,0.1103,Auto,Near Prime,2024-07-16,1460.4
929,1658,35267.1,0.2024,0.0502,Mortgage,Near Prime,2024-07-17,7138.06
930,1531,24968.76,0.2167,0.1992,Education,Prime,2024-07-18,5410.73
931,1440,44066.4,0.1381,0.1964,Personal,Near Prime,2024-07-19,6085.57
932,1401,12971.74,0.1105,0.1334,Mortgage,Subprime,2024-07-20,1433.38
933,1046,36168.17,0.1019,0.1628,Personal,Near Prime,2024-07-21,3685.54
934,1232,42715.19,0.0889,0.1459,Small Business,Prime,2024-07-22,3797.38
935,1304,47507.64,0.0615,0.1227,Auto,Subprime,2024-07-23,2921.72
936,1525,35746.16,0.1185,0.0201,Small Business,Near Prime,2024-07-24,4235.92
937,1142,27372.86,0.104,0.0964,Auto,Subprime,2024-07-25,2846.78
938,1414,32803.13,0.2433,0.1382,Education,Subprime,2024-07-26,7981.0
939,1512,44100.72,0.1615,0.1387,Mortgage,Prime,2024-07-27,7122.27
940,1372,30677.44,0.1195,0.0809,Education,Subprime,2024-07-28,3665.95
941,1565,6367.42,0.1661,0.1889,Auto,Subprime,2024-07-29,1057.63
942,1885,46892.69,0.0778,0.0418,Auto,Prime,2024-07-30,3648.25
943,1258,36028.7,0.1388,0.1051,Auto,Prime,2024-07-31,5000.78
944,1655,35443.1,0.1752,0.1413,Personal,Prime,2024-08-01,6209.63
945,1470,14705.38,0.1478,0.1425,Mortgage,Subprime,2024-08-02,2173.46
946,1952,34649.85,0.1304,0.1332,Education,Subprime,2024-08-03,4518.34
947,1970,22723.9,0.2488,0.0623,Education,Subprime,2024-08-04,5653.71
948,1011,34305.48,0.2261,0.0397,Small Business,Prime,2024-08-05,7756.47
949,1329,9796.69,0.1747,0.1308,Auto,Near Prime,2024-08-06,1711.48
950,1735,34603.04,0.1639,0.1239,Auto,Subprime,2024-08-07,5671.44
951,1783,49973.62,0.1741,0.0441,Auto,Near Prime,2024-08-08,8700.41
952,1967,7169.54,0.0903,0.144,Education,Prime,2024-08-09,647.41
953,1357,48972.84,0.129,0.0965,Small Business,Subprime,2024-08-10,6317.5
954,1971,23310.86,0.0579,0.1369,Personal,Near Prime,2024-08-11,1349.7
955,1407,44183.91,0.1451,0.1691,Mortgage,Subprime,2024-08-12,6411.09
956,1667,40207.35,0.1586,0.0422,Personal,Subprime,2024-08-13,6376.89
957,1372,30515.73,0.0955,0.0136,Education,Subprime,2024-08-14,2914.25
958,1007,38230.21,0.2428,0.158,Auto,Near Prime,2024-08-15,9282.29
959,1121,44533.2,0.2319,0.1258,Mortgage,Prime,2024-08-16,10327.25
960,1347,23186.31,0.1944,0.1429,Education,Subprime,2024-08-17,4507.42
961,1675,19716.49,0.1567,0.1692,Education,Prime,2024-08-18,3089.57
962,1089,35041.7,0.224,0.1625,Education,Prime,2024-08-19,7849.34
963,1647,41353.07,0.0761,0.1926,Mortgage,Near Prime,2024-08-20,3146.97
964,1697,39302.83,0.2081,0.1118,Mortgage,Near Prime,2024-08-21,8178.92
965,1315,40901.61,0.075,0.1028,Small Business,Prime,2024-08-22,3067.62
966,1177,24601.25,0.2088,0.0864,Small Business,Subprime,2024-08-23,5136.74
967,1539,41802.54,0.1052,0.0392,Personal,Near Prime,2024-08-24,4397.63
968,1731,10409.41,0.2254,0.1188,Mortgage,Subprime,2024-08-25,2346.28
969,1868,29502.01,0.2388,0.0626,Mortgage,Subprime,2024-08-26,7045.08
970,1040,5259.14,0.0798,0.185,Mortgage,Subprime,2024-08-27,419.68
971,1739,19606.36,0.1425,0.1208,Small Business,Prime,2024-08-28,2793.91
972,1703,21490.77,0.2462,0.1226,Education,Subprime,2024-08-29,5291.03
973,1922,22827.77,0.1467,0.0774,Auto,Prime,2024-08-30,3348.83
974,1501,36296.02,0.2227,0.0199,Small Business,Prime,2024-08-31,8083.12
975,1958,22485.11,0.1677,0.016,Mortgage,Subprime,2024-09-01,3770.75
976,1144,25191.21,0.1251,0.0904,Small Business,Subprime,2024-09-02,3151.42
977,1200,15689.49,0.1072,0.0261,Personal,Subprime,2024-09-03,1681.91
978,1928,21796.33,0.0906,0.1253,Mortgage,Subprime,2024-09-04,1974.75
979,1723,15227.13,0.2024,0.1774,Personal,Prime,2024-09-05,3081.97
980,1460,8293.82,0.1273,0.1778,Mortgage,Subprime,2024-09-06,1055.8
981,1731,32155.19,0.1523,0.1352,Small Business,Subprime,2024-09-07,4897.24
982,1751,35069.58,0.1485,0.0501,Education,Prime,2024-09-08,5207.83
983,1924,32877.07,0.1655,0.174,Auto,Near Prime,2024-09-09,5441.16
984,1908,25857.23,0.2231,0.1784,Personal,Near Prime,2024-09-10,5768.75
985,1557,22090.36,0.2461,0.0474,Small Business,Prime,2024-09-11,5436.44
986,1546,43850.01,0.1315,0.1501,Education,Near Prime,2024-09-12,5766.28
987,1252,28358.68,0.2155,0.0644,Small Business,Prime,2024-09-13,6111.3
988,1389,26563.18,0.2029,0.1625,Personal,Subprime,2024-09-14,5389.67
989,1593,6153.89,0.1647,0.1995,Auto,Subprime,2024-09-15,1013.55
990,1882,20356.15,0.2412,0.0157,Small Business,Near Prime,2024-09-16,4909.9
991,1255,22108.8,0.0901,0.1805,Mortgage,Subprime,2024-09-17,1992.0
992,1708,22947.03,0.0719,0.1283,Education,Near Prime,2024-09-18,1649.89
993,1814,31107.76,0.2208,0.1949,Small Business,Near Prime,2024-09-19,6868.59
994,1920,29012.11,0.1378,0.0984,Education,Subprime,2024-09-20,3997.87
995,1449,32355.73,0.2194,0.171,Mortgage,Subprime,2024-09-21,7098.85
996,1009,39419.75,0.2286,0.0219,Auto,Near Prime,2024-09-22,9011.35
997,1823,41584.36,0.0625,0.0737,Auto,Subprime,2024-09-23,2599.02
998,1797,37315.54,0.2267,0.0227,Mortgage,Prime,2024-09-24,8459.43
999,1241,47998.57,0.1397,0.1953,Education,Subprime,2024-09-25,6705.4
1000,1250,5820.47,0.1521,0.1652,Small Business,Subprime,2024-09-26,885.29
